timestamp_iso,timestamp_ms,hex,len,interpretation
2025-11-02T05:17:13.289399,1762060633290,ffffffffffffffffffffffffffffffffffffffffffffffffffffffffffffffffffffffffffffffffffffffffffffffffffffffffffffffffffffffffffffffffffffffffffffffffffffffffffffffffffffffffffffffffffffffffffffffffffffffffffffffffffffffffffffffffffffffffffffffffffffffffffffffff,128,len=128; hex=ffffffffffffffffffffffffffffffffffffffffffffffffffffffffffffffffffffffffffffffffffffffffffffffffffffffffffffffffffffffffffffffffffffffffffffffffffffffffffffffffffffffffffffffffffffffffffffffffffffffffffffffffffffffffffffffffffffffffffffffffffffffffffffffff; u1le=255; s1le=-1; u1be=255; s1be=-1
2025-11-02T05:17:13.438435,1762060633438,a3be15929342a2a0000000000000ff3eba,17,len=17; hex=a3be15929342a2a0000000000000ff3eba; u1le=163; s1le=-93; u1be=163; s1be=-93
2025-11-02T05:17:14.397411,1762060634397,a3be15929342a2a0000000000000ff3eba,17,len=17; hex=a3be15929342a2a0000000000000ff3eba; u1le=163; s1le=-93; u1be=163; s1be=-93
2025-11-02T05:17:22.080039,1762060642080,a3be15929342a2a00000000000b4ff3eba,17,len=17; hex=a3be15929342a2a00000000000b4ff3eba; u1le=163; s1le=-93; u1be=163; s1be=-93
2025-11-02T05:17:22.289146,1762060642289,a3be15929342a2a0000000000582ff3eba,17,len=17; hex=a3be15929342a2a0000000000582ff3eba; u1le=163; s1le=-93; u1be=163; s1be=-93
2025-11-02T05:17:22.468368,1762060642468,a3be15929342a2a0000000000ce4ff3eba,17,len=17; hex=a3be15929342a2a0000000000ce4ff3eba; u1le=163; s1le=-93; u1be=163; s1be=-93
2025-11-02T05:17:22.682715,1762060642682,a3be15929342a2a0000000000e24ff3eba,17,len=17; hex=a3be15929342a2a0000000000e24ff3eba; u1le=163; s1le=-93; u1be=163; s1be=-93
2025-11-02T05:17:28.379588,1762060648379,a3be15929342a2a0000000000870ff3eba,17,len=17; hex=a3be15929342a2a0000000000870ff3eba; u1le=163; s1le=-93; u1be=163; s1be=-93
2025-11-02T05:17:28.589244,1762060648589,a3be15929342a2a000000000001eff3eba,17,len=17; hex=a3be15929342a2a000000000001eff3eba; u1le=163; s1le=-93; u1be=163; s1be=-93
2025-11-02T05:17:28.769303,1762060648769,a3be15929342a2a0000000000000ff3eba,17,len=17; hex=a3be15929342a2a0000000000000ff3eba; u1le=163; s1le=-93; u1be=163; s1be=-93
